,label,adress,energy1,energy1label,energy2,energy2label,pricesquare,informationlist
0,Publiée le 5 déc. 2019 | Modifiée le 17 déc. 2019 | Réf. de l’annonce : 120003E16I11,Marcq-en-Barœul 59700 (Centre-ville - Bourg),315,E,61,F,3 422 €/m²,"['Prix\u202f: 473 000 €, honoraires : 2,40% TTC inclus à la charge de l’acquéreur (461 914 € hors honoraires)', 'Estimez votre mensualité', '135 m²', '786 m² de terrain', '5 pièces', '3 chambres', 'Jardin', 'Chauffage : individuel', '1 salle de bain', '6 places de parking', 'Mandat en exclusivité', 'Réf. de l’annonce : 120003E16I11', 'Publiée le 5 déc. 2019', 'Modifiée le 17 déc. 2019', 'Signaler une anomalie sur cette annonce', 'Barèmes de l’agence']"
1,Publiée le 21 nov. 2019 | Modifiée le 28 nov. 2019 | Réf. de l’annonce : 120037E1HKDJ,La Madeleine 59110 (Centre-ville),180,D,22,D,2 621 €/m²,"['Prix\u202f: 380 000 €, honoraires à la charge du vendeur', 'Estimez votre mensualité', '145 m²', '100 m² de terrain', '6 pièces', '5 chambres', 'Jardin', 'Chauffage : individuel', '3 salles de bain', 'Mandat en exclusivité', 'Réf. de l’annonce : 120037E1HKDJ', 'Publiée le 21 nov. 2019', 'Modifiée le 28 nov. 2019', 'Signaler une anomalie sur cette annonce', 'Barèmes de l’agence']"
2,Publiée le 2 déc. 2019 | Modifiée le 18 déc. 2019 | Réf. de l’annonce : 120037E1HVY8,Marcq-en-Barœul 59700 (Mairie),22,A,118,G,3 433 €/m²,"['Prix\u202f: 309 000 €, honoraires à la charge du vendeur', 'Estimez votre mensualité', '90 m²', '100 m² de terrain', '4 pièces', '3 chambres', 'Jardin', 'Chauffage : individuel', '1 salle de bain', '2 places de parking', 'Mandat en exclusivité', 'Réf. de l’annonce : 120037E1HVY8', 'Publiée le 2 déc. 2019', 'Modifiée le 18 déc. 2019', 'Signaler une anomalie sur cette annonce', 'Barèmes de l’agence']"
3,Publiée le 26 nov. 2019 | Réf. de l’annonce : 120037E1HJYX,La Madeleine 59110 (Pompidou - Nouvelle Madeleine),180,D,22,D,2 347 €/m²,"['Prix\u202f: 185 000 €, honoraires à la charge du vendeur', 'Estimez votre mensualité', '78,84 m²', '4 pièces', '3 chambres', 'Chauffage : individuel', '2 salles de bain', '1 place de parking', '4e étage (sur 9)', 'Mandat en exclusivité', 'Réf. de l’annonce : 120037E1HJYX', 'Publiée le 26 nov. 2019', 'Signaler une anomalie sur cette annonce', 'Barèmes de l’agence']"
4,Publiée le 7 nov. 2019 | Modifiée le 9 déc. 2019 | Réf. de l’annonce : 120001E1H7FI,La Madeleine 59110 (Centre-ville),225,D,7,B,3 504 €/m²,"['Prix\u202f: 150 000 €, honoraires à la charge du vendeur', 'Estimez votre mensualité', '42,81 m²', '2 pièces', '1 chambre', 'Chauffage : individuel', '1 salle de bain', '1er étage (sur 3)', 'Mandat en exclusivité', 'Réf. de l’annonce : 120001E1H7FI', 'Publiée le 7 nov. 2019', 'Modifiée le 9 déc. 2019', 'Signaler une anomalie sur cette annonce', 'Barèmes de l’agence']"
5,Publiée le 24 oct. 2019 | Modifiée le 10 déc. 2019 | Réf. de l’annonce : 120037E1GVK3,La Madeleine 59110 (Centre-ville),22,A,En cours de réalisation,NA,3 017 €/m²,"['Prix\u202f: 315 000 €, honoraires à la charge du vendeur', 'Estimez votre mensualité', '104,40 m²', '3 pièces', '2 chambres', 'Chauffage : collectif', '2 salles de bain', '2 places de parking', '1er étage (sur 4)', 'Ascenseur', 'Mandat en exclusivité', 'Réf. de l’annonce : 120037E1GVK3', 'Publiée le 24 oct. 2019', 'Modifiée le 10 déc. 2019', 'Signaler une anomalie sur cette annonce', 'Barèmes de l’agence']"
6,Publiée il y a plus de 1 mois | Modifiée le 19 déc. 2019 | Réf. de l’annonce : 120037E1GV4Y,Marcq-en-Barœul 59700 (Plouich - Clémenceau - Calmette),180,D,22,D,1 961 €/m²,"['Prix\u202f: 182 000 €, honoraires à la charge du vendeur', 'Estimez votre mensualité', '92,79 m²', '25 m² de terrain', '4 pièces', '3 chambres', 'Jardin', 'Chauffage : individuel', '1 salle de bain', 'Mandat en exclusivité', 'Réf. de l’annonce : 120037E1GV4Y', 'Publiée il y a plus de 1 mois', 'Modifiée le 19 déc. 2019', 'Signaler une anomalie sur cette annonce', 'Barèmes de l’agence']"
7,Publiée le 16 déc. 2019 | Modifiée le 17 déc. 2019 | Réf. de l’annonce : 120003E1ID5Q,La Madeleine 59110 (Grand Boulevard),210,D,49,E,3 783 €/m²,"['Prix\u202f: 414 500 €, honoraires : 2,40% TTC inclus à la charge de l’acquéreur (404 785 € hors honoraires)', 'Estimez votre mensualité', '107 m²', '3 m² de terrain', '3 pièces', '2 chambres', 'Jardin', 'Chauffage : collectif', '1 salle de bain', '1er étage (sur 4)', 'Réf. de l’annonce : 120003E1ID5Q', 'Publiée le 16 déc. 2019', 'Modifiée le 17 déc. 2019', 'Signaler une anomalie sur cette annonce', 'Barèmes de l’agence']"
8,Publiée le 21 nov. 2019 | Modifiée le 3 déc. 2019 | Réf. de l’annonce : 120036E1HNN4,Marcq-en-Barœul 59700 (Pont - Montplaisir),146,C,4,A,2 120 €/m²,"['Prix\u202f: 159 000 €, honoraires à la charge du vendeur', 'Estimez votre mensualité', '75 m²', '68 m² de terrain', '4 pièces', '3 chambres', 'Jardin', 'Chauffage : individuel', '1 salle de bain', 'Mandat en exclusivité', 'Réf. de l’annonce : 120036E1HNN4', 'Publiée le 21 nov. 2019', 'Modifiée le 3 déc. 2019', 'Signaler une anomalie sur cette annonce', 'Barèmes de l’agence']"
9,Publiée il y a plus de 1 mois | Modifiée le 28 nov. 2019 | Réf. de l’annonce : 120037E1GJLS,Marcq-en-Barœul 59700 (Pont - Montplaisir),180,D,22,D,2 310 €/m²,"['Prix\u202f: 149 000 €, honoraires à la charge du vendeur', 'Estimez votre mensualité', '64,50 m²', '3 pièces', '2 chambres', 'Chauffage : collectif', '2 salles de bain', '1 place de parking', '9 étages', 'Ascenseur', 'Mandat en exclusivité', 'Réf. de l’annonce : 120037E1GJLS', 'Publiée il y a plus de 1 mois', 'Modifiée le 28 nov. 2019', 'Signaler une anomalie sur cette annonce', 'Barèmes de l’agence']"
10,Publiée il y a plus de 1 mois | Modifiée le 30 nov. 2019 | Réf. de l’annonce : 27365867,La Madeleine 59110 (Grand Boulevard),179,D,7,B,3 548 €/m²,"['Prix\u202f: 235 400 €, honoraires à la charge du vendeur', 'Estimez votre mensualité', '66,34 m²', '3 pièces', '2 chambres', '1 balcon', 'Chauffage : RADIATEUR ELECTRICITE INDIVIDUEL', '1 salle de bain', '1 WC', '1 box', 'Dernier étage (sur 8)', 'Construit en 2009', 'Ascenseur', 'Digicode', 'Interphone', 'Gardien', 'Mandat en exclusivité', 'Réf. de l’annonce : 27365867', 'Publiée il y a plus de 1 mois', 'Modifiée le 30 nov. 2019', 'Signaler une anomalie sur cette annonce']"
11,Publiée il y a plus de 1 mois | Modifiée le 7 déc. 2019 | Réf. de l’annonce : 27294552,Marcq-en-Barœul 59700 (Croisé Laroche - Rouges Barres),177,D,43,E,3 244 €/m²,"['Prix\u202f: 379 500 €, honoraires à la charge du vendeur', 'Estimez votre mensualité', '117 m²', '4 pièces', '3 chambres', 'Chauffage : RADIATEUR FUEL COLLECTIF', '1 cave', '1 salle de bain', '1 WC', '5e étage (sur 6)', 'Construit en 1930', 'Ascenseur', 'Interphone', 'Mandat en exclusivité', 'Réf. de l’annonce : 27294552', 'Publiée il y a plus de 1 mois', 'Modifiée le 7 déc. 2019', 'Signaler une anomalie sur cette annonce']"
12,Publiée il y a plus de 1 mois | Modifiée le 9 déc. 2019 | Réf. de l’annonce : 120037E1EM8Q,Marcq-en-Barœul 59700 (Plouich - Clémenceau - Calmette),122,C,20,C,2 253 €/m²,"['Prix\u202f: 194 000 €, honoraires à la charge du vendeur', 'Estimez votre mensualité', '86,12 m²', '80 m² de terrain', '4 pièces', '3 chambres', 'Jardin', 'Chauffage : individuel', '1 salle de bain', '1 place de parking', 'Mandat en exclusivité', 'Réf. de l’annonce : 120037E1EM8Q', 'Publiée il y a plus de 1 mois', 'Modifiée le 9 déc. 2019', 'Signaler une anomalie sur cette annonce', 'Barèmes de l’agence']"
13,Publiée il y a plus de 1 mois | Modifiée le 17 déc. 2019 | Réf. de l’annonce : CKVAP60000480,Marcq-en-Barœul 59700 (Centre-ville - Bourg),134,C,31,D,2 487 €/m²,"['Prix\u202f: 263 550 €, honoraires : 5,00% TTC inclus à la charge de l’acquéreur (251 050 € hors honoraires)', 'Estimez votre mensualité', '100,93 m²', '5 pièces', '3 chambres', 'Balcon de 4 m²', 'Chauffage : radiateur gaz individuel', 'Cave', '1 salle de bain', '1 salle d’eau', '1 WC', 'Aménagement pour Handicapés', '1 box', '1er étage (sur 4)', 'Construit en 1983', 'Ascenseur', 'Interphone', 'Gardien', 'Mandat en exclusivité', 'Réf. de l’annonce : CKVAP60000480', 'Publiée il y a plus de 1 mois', 'Modifiée le 17 déc. 2019', 'Barèmes de l’agence', 'Signaler une anomalie sur cette annonce']"
14,Publiée le 30 nov. 2019 | Modifiée le 18 déc. 2019 | Réf. de l’annonce : 28377062,Marcq-en-Barœul 59700 (Plouich - Clémenceau - Calmette),243,E,12,C,2 775 €/m²,"['Prix\u202f: 132 000 €, honoraires à la charge du vendeur', 'Estimez votre mensualité', '47,57 m²', '2 pièces', '1 chambre', '1 terrasse', 'Chauffage : CONVECTEURS ELECTRICITE INDIVIDUEL', '1 salle de bain', '1 WC', '1 parking extérieur', '1 box', 'Rez-de-chaussée', 'Construit en 2002', 'Ascenseur', 'Interphone', 'Mandat en exclusivité', 'Réf. de l’annonce : 28377062', 'Publiée le 30 nov. 2019', 'Modifiée le 18 déc. 2019', 'Signaler une anomalie sur cette annonce']"
15,Publiée le 28 nov. 2019 | Modifiée le 4 déc. 2019 | Réf. de l’annonce : 120003E1HWBK,La Madeleine 59110 (Berckem - Kleber - Saint-Charles),151,D,30,D,4 619 €/m²,"['Prix\u202f: 495 000 €, honoraires : 2,06% TTC inclus à la charge de l’acquéreur (485 000 € hors honoraires)', 'Estimez votre mensualité', '105 m²', '215 m² de terrain', '4 pièces', '2 chambres', 'Jardin', 'Chauffage : individuel', '1 salle de bain', '3 places de parking', 'Réf. de l’annonce : 120003E1HWBK', 'Publiée le 28 nov. 2019', 'Modifiée le 4 déc. 2019', 'Signaler une anomalie sur cette annonce', 'Barèmes de l’agence']"
16,Publiée le 22 oct. 2019 | Modifiée le 7 déc. 2019 | Réf. de l’annonce : 27734767,Marcq-en-Barœul 59700 (Buisson - May-Four - Pellevoisin),401,F,22,D,2 875 €/m²,"['Prix\u202f: 149 500 €, honoraires à la charge du vendeur', 'Estimez votre mensualité', '52 m²', '2 pièces', '1 chambre', 'Chauffage : RADIATEUR ELECTRICITE INDIVIDUEL', '1 salle de bain', '1 WC', '1 parking extérieur', '4e étage (sur 5)', 'Construit en 1985', 'Mandat en exclusivité', 'Réf. de l’annonce : 27734767', 'Publiée le 22 oct. 2019', 'Modifiée le 7 déc. 2019', 'Signaler une anomalie sur cette annonce']"
17,Publiée il y a plus de 1 mois | Modifiée le 14 déc. 2019 | Réf. de l’annonce : 27546303,La Madeleine 59110 (Pompidou - Nouvelle Madeleine),213,D,10,B,2 463 €/m²,"['Prix\u202f: 199 500 €, honoraires à la charge du vendeur', 'Estimez votre mensualité', '81 m²', '3 pièces', '2 chambres', '1 balcon', 'Chauffage : AU SOL + CONVECTEURS ELECTRICITE MIXTE', '1 cave', '1 salle de bain', '1 WC', 'Aménagement pour Handicapés', '1 parking intérieur', '5e étage (sur 6)', 'Construit en 1970', 'Ascenseur', 'Digicode', 'Interphone', 'Gardien', 'Mandat en exclusivité', 'Réf. de l’annonce : 27546303', 'Publiée il y a plus de 1 mois', 'Modifiée le 14 déc. 2019', 'Signaler une anomalie sur cette annonce']"
18,Publiée il y a plus de 1 mois | Modifiée le 29 nov. 2019 | Réf. de l’annonce : 120003E1F578,Marcq-en-Barœul 59700 (Croisé Laroche - Rouges Barres),240,E,56,F,3 478 €/m²,"['Prix\u202f: 250 000 €, honoraires : 4,17% TTC inclus à la charge de l’acquéreur (240 000 € hors honoraires)', 'Estimez votre mensualité', '69 m²', '63 m² de terrain', '4 pièces', '3 chambres', 'Jardin', 'Chauffage : individuel', '1 salle de bain', 'Réf. de l’annonce : 120003E1F578', 'Publiée il y a plus de 1 mois', 'Modifiée le 29 nov. 2019', 'Signaler une anomalie sur cette annonce', 'Barèmes de l’agence']"
19,Publiée il y a plus de 1 mois | Modifiée le 30 nov. 2019 | Réf. de l’annonce : 26871530,La Madeleine 59110 (Pompidou - Nouvelle Madeleine),282,E,66,F,3 051 €/m²,"['Prix\u202f: 119 000 €, honoraires à la charge du vendeur', 'Estimez votre mensualité', '39 m²', '2 pièces', '1 chambre', 'Chauffage : RADIATEUR GAZ COLLECTIF', '1 salle de bain', '1 WC', '1 parking intérieur', '6e étage (sur 8)', 'Construit en 1985', 'Ascenseur', 'Interphone', 'Gardien', 'Mandat en exclusivité', 'Réf. de l’annonce : 26871530', 'Publiée il y a plus de 1 mois', 'Modifiée le 30 nov. 2019', 'Signaler une anomalie sur cette annonce']"
20,Publiée il y a plus de 1 mois | Modifiée le 4 déc. 2019 | Réf. de l’annonce : 26294662,Marcq-en-Barœul 59700 (Centre-ville - Bourg),270,E,63,F,2 415 €/m²,"['Prix\u202f: 256 000 €, honoraires à la charge du vendeur', 'Estimez votre mensualité', '106 m²', '157 m² de terrain', '5 pièces', '4 chambres', 'Jardin de 70 m²', 'Chauffage : RADIATEUR GAZ INDIVIDUEL', '1 salle de bain', '1 WC', 'Construit en 1960', 'Mandat en exclusivité', 'Réf. de l’annonce : 26294662', 'Publiée il y a plus de 1 mois', 'Modifiée le 4 déc. 2019', 'Signaler une anomalie sur cette annonce']"
21,Publiée il y a plus de 1 mois | Modifiée le 27 oct. 2019 | Réf. de l’annonce : 77505,La Madeleine 59110 (Grand Boulevard),NA,NA,NA,NA,NA,"['479 000 à 549 000 €', 'Estimez votre mensualité', '104 à 119 m²', '4 pièces', 'Livraison 4e trim. 2019', '13 lots', 'Éligible à la loi Pinel']"
22,Publiée il y a plus de 1 mois | Réf. de l’annonce : 120003E02OUT,Marcq-en-Barœul 59700 (Croisé Laroche - Rouges Barres),139,C,32,D,4 460 €/m²,"['Prix\u202f: 630 000 €, honoraires : 1,61% TTC inclus à la charge de l’acquéreur (620 000 € hors honoraires)', 'Estimez votre mensualité', '139 m²', '430 m² de terrain', '5 pièces', '4 chambres', 'Jardin', 'Chauffage : individuel', '2 salles de bain', '6 places de parking', 'Réf. de l’annonce : 120003E02OUT', 'Publiée il y a plus de 1 mois', 'Signaler une anomalie sur cette annonce', 'Barèmes de l’agence']"
23,Publiée il y a plus de 1 mois | Modifiée le 16 nov. 2019 | Réf. de l’annonce : MARCQ1,Marcq-en-Barœul 59700 (Plouich - Clémenceau - Calmette),NA,NA,NA,NA,NA,"['450 000 à 465 000 €', 'Estimez votre mensualité', '103 m²', '4 pièces', 'Livraison 2e trim. 2019', 'Éligible à la loi Pinel']"
24,Publiée le 1 déc. 2019 | Modifiée le 3 déc. 2019 | Réf. de l’annonce : 221550BDA,Marcq-en-Barœul 59700 (Pont - Montplaisir),149,C,39,E,3 788 €/m²,"['Prix\u202f: 259 000 €, honoraires : 3,60% TTC inclus à la charge de l’acquéreur (250 000 € hors honoraires)', 'Estimez votre mensualité', '66 m²', '3 pièces', '2 chambres', 'Terrasse', 'Exposé Sud Ouest', 'Cave', '1 salle de bain', '1 WC', '1 place de parking', '1er étage (sur 2)', 'Ascenseur', 'Digicode', 'Interphone', 'Réf. de l’annonce : 221550BDA', 'Publiée le 1 déc. 2019', 'Modifiée le 3 déc. 2019', 'Barèmes de l’agence', 'Signaler une anomalie sur cette annonce']"
25,Publiée le 23 nov. 2019 | Modifiée le 6 déc. 2019 | Réf. de l’annonce : TAPP408577,Marcq-en-Barœul 59700 (Croisé Laroche - Rouges Barres),242,E,56,F,3 226 €/m²,"['Prix\u202f: 154 000 €, honoraires à la charge du vendeur', 'Estimez votre mensualité', '47,73 m²', '2 pièces', '1 chambre', 'Exposé Sud Est', 'Chauffage : Radiateur Gaz Collectif', '1 salle d’eau', '2e étage (sur 7)', 'Ascenseur', 'Réf. de l’annonce : TAPP408577', 'Publiée le 23 nov. 2019', 'Modifiée le 6 déc. 2019', 'Barèmes de l’agence', 'Signaler une anomalie sur cette annonce']"
26,Publiée le 19 nov. 2019 | Modifiée le 21 nov. 2019 | Réf. de l’annonce : 120003E1HO2O,Marcq-en-Barœul 59700 (Mairie),En cours de réalisation,NA,En cours de réalisation,NA,3 667 €/m²,"['Prix\u202f: 450 000 €, honoraires : 2,27% TTC inclus à la charge de l’acquéreur (440 000 € hors honoraires)', 'Estimez votre mensualité', '120 m²', '70 m² de terrain', '5 pièces', '4 chambres', 'Jardin', 'Chauffage : individuel', '2 salles de bain', 'Réf. de l’annonce : 120003E1HO2O', 'Publiée le 19 nov. 2019', 'Modifiée le 21 nov. 2019', 'Signaler une anomalie sur cette annonce', 'Barèmes de l’agence']"
27,Publiée le 4 nov. 2019 | Modifiée le 4 déc. 2019 | Réf. de l’annonce : MAI-VTE-107-212,La Madeleine 59110 (Grand Boulevard),113,C,26,D,4 743 €/m²,"['Prix\u202f: 870 000 €, honoraires : 4,82% TTC inclus à la charge de l’acquéreur (830 000 € hors honoraires)', 'Estimez votre mensualité', '175 m²', '226 m² de terrain', '8 pièces', '6 chambres', 'Terrasse', 'Jardin', 'Exposé Sud Est Ouest', 'Chauffage : gaz individuel', '2 salles de bain', '1 box', '3 étages', 'Mandat en exclusivité', 'Réf. de l’annonce : MAI-VTE-107-212', 'Publiée le 4 nov. 2019', 'Modifiée le 4 déc. 2019', 'Barèmes de l’agence', 'Signaler une anomalie sur cette annonce']"
28,Publiée il y a plus de 1 mois | Modifiée le 10 déc. 2019 | Réf. de l’annonce : 828,La Madeleine 59110 (Grand Boulevard),En cours de réalisation,NA,En cours de réalisation,NA,2 778 €/m²,"['Prix\u202f: 57 000 €, honoraires : 14,00% TTC inclus à la charge de l’acquéreur (50 000 € hors honoraires)', 'Estimez votre mensualité', '18 m²', '1 pièce', '1 chambre', '1 salle de bain', '1 WC', '2e étage', 'Ascenseur', 'Mandat en exclusivité', 'Réf. de l’annonce : 828', 'Publiée il y a plus de 1 mois', 'Modifiée le 10 déc. 2019', 'Barèmes de l’agence', 'Signaler une anomalie sur cette annonce']"
29,Publiée il y a plus de 1 mois | Modifiée le 29 nov. 2019 | Réf. de l’annonce : 227,La Madeleine 59110 (Grand Boulevard),161,D,37,E,2 875 €/m²,"['Prix\u202f: 428 000 €, honoraires : 4,39% TTC inclus à la charge de l’acquéreur (410 000 € hors honoraires)', 'Estimez votre mensualité', '142,60 m²', '6 pièces', '3 chambres', '1 balcon', 'Chauffage : mixte gaz collectif', 'Cave', 'Cheminée', '1 salle de bain', '1 WC', 'Calme', '1 box', '3e étage (sur 8)', 'Construit en 1960', 'Ascenseur', 'Interphone', 'Réf. de l’annonce : 227', 'Publiée il y a plus de 1 mois', 'Modifiée le 29 nov. 2019', 'Signaler une anomalie sur cette annonce']"
30,Publiée il y a plus de 1 mois | Modifiée le 18 déc. 2019 | Réf. de l’annonce : AMARANTE,La Madeleine 59110 (Grand Boulevard),NA,NA,NA,NA,NA,"['289 000 à 479 000 €', 'Estimez votre mensualité', '63 à 104 m²', '3 à 4 pièces', 'Livraison 4e trim. 2019', 'Parking', 'Ascenseur', 'Visiophone']"
31,Publiée il y a plus de 1 mois | Modifiée le 12 déc. 2019 | Réf. de l’annonce : 197042GID,Marcq-en-Barœul 59700 (Centre-ville - Bourg),106,C,25,D,2 871 €/m²,"['Prix\u202f: 598 000 €, honoraires : 4,16% TTC inclus à la charge de l’acquéreur (574 140 € hors honoraires)', 'Estimez votre mensualité', '200 m²', '528 m² de terrain', '6 pièces', '5 chambres', 'Jardin', 'Exposé Sud', 'Chauffage : gaz individuel', '2 places de parking', '2 étages', 'Réf. de l’annonce : 197042GID', 'Publiée il y a plus de 1 mois', 'Modifiée le 12 déc. 2019', 'Barèmes de l’agence', 'Signaler une anomalie sur cette annonce']"
32,Publiée le 17 déc. 2019 | Réf. de l’annonce : 391,Marcq-en-Barœul 59700 (Plouich - Clémenceau - Calmette),Vierge,NA,Vierge,NA,2 500 €/m²,"['Prix\u202f: 129 000 €, honoraires : 7,50% TTC inclus à la charge de l’acquéreur (120 000 € hors honoraires)', 'Estimez votre mensualité', '48 m²', '2 pièces', '1 chambre', '1 balcon', 'Chauffage : électrique individuel', '1 salle de bain', '1 WC', '1 place de parking', '4e étage (sur 5)', 'Ascenseur', 'Interphone', 'Mandat en exclusivité', 'Réf. de l’annonce : 391', 'Publiée le 17 déc. 2019', 'Signaler une anomalie sur cette annonce']"
33,Publiée le 13 déc. 2019 | Modifiée le 17 déc. 2019 | Réf. de l’annonce : 1352590,La Madeleine 59110 (Grand Boulevard),En cours de réalisation,NA,En cours de réalisation,NA,3 210 €/m²,"['Prix\u202f: 99 500 €, honoraires à la charge du vendeur', 'Estimez votre mensualité', '31 m²', '1 pièce', 'Chauffage : gaz collectif', 'Cave', '1 salle d’eau', '1 WC', '1 place de parking', '4e étage (sur 7)', 'Ascenseur', 'Digicode', 'Interphone', 'Mandat en exclusivité', 'Réf. de l’annonce : 1352590', 'Publiée le 13 déc. 2019', 'Modifiée le 17 déc. 2019', 'Barèmes de l’agence', 'Signaler une anomalie sur cette annonce']"
34,Publiée le 13 déc. 2019 | Modifiée le 17 déc. 2019 | Réf. de l’annonce : 1377015,Marcq-en-Barœul 59700 (Plouich - Clémenceau - Calmette),Non soumis,NA,En cours de réalisation,NA,2 429 €/m²,"['Prix\u202f: 170 000 €, honoraires à la charge du vendeur', 'Estimez votre mensualité', '70 m²', '3 pièces', '2 chambres', 'Balcon', 'Chauffage : électricité individuel', '1 salle de bain', '1 WC', '1 place de parking', '1er étage (sur 4)', 'Ascenseur', 'Digicode', 'Interphone', 'Mandat en exclusivité', 'Réf. de l’annonce : 1377015', 'Publiée le 13 déc. 2019', 'Modifiée le 17 déc. 2019', 'Barèmes de l’agence', 'Signaler une anomalie sur cette annonce']"
35,Publiée le 5 déc. 2019 | Réf. de l’annonce : 42662,Marcq-en-Barœul 59700 (Croisé Laroche - Rouges Barres),,A,En cours de réalisation,NA,4 500 €/m²,"['360 000 €', 'Estimez votre mensualité', '80 m²', '3 pièces', '2 chambres', '1 salle de bain', '1 WC', 'Réf. de l’annonce : 42662', 'Publiée le 5 déc. 2019', 'Signaler une anomalie sur cette annonce']"
36,Publiée le 22 nov. 2019 | Réf. de l’annonce : 120037E1HQS7,Marcq-en-Barœul 59700 (Croisé Laroche - Rouges Barres),111,C,26,D,4 483 €/m²,"['Prix\u202f: 399 000 €, honoraires à la charge du vendeur', 'Estimez votre mensualité', '89 m²', '4 pièces', '3 chambres', 'Chauffage : individuel', '2 places de parking', '1er étage (sur 3)', 'Ascenseur', 'Réf. de l’annonce : 120037E1HQS7', 'Publiée le 22 nov. 2019', 'Signaler une anomalie sur cette annonce', 'Barèmes de l’agence']"
37,Publiée le 21 nov. 2019 | Modifiée le 29 nov. 2019 | Réf. de l’annonce : 120037E1HPMM,Marcq-en-Barœul 59700 (Pont - Montplaisir),122,C,80,F,3 771 €/m²,"['Prix\u202f: 264 000 €, honoraires à la charge du vendeur', 'Estimez votre mensualité', '70 m²', '3 pièces', '2 chambres', 'Chauffage : individuel', '1 place de parking', '1er étage (sur 4)', 'Ascenseur', 'Réf. de l’annonce : 120037E1HPMM', 'Publiée le 21 nov. 2019', 'Modifiée le 29 nov. 2019', 'Signaler une anomalie sur cette annonce', 'Barèmes de l’agence']"
38,Publiée le 8 nov. 2019 | Modifiée le 9 nov. 2019 | Réf. de l’annonce : 2861,La Madeleine 59110 (Berckem - Kleber - Saint-Charles),180,D,42,E,2 290 €/m²,"['Prix\u202f: 229 000 €, honoraires à la charge du vendeur', 'Estimez votre mensualité', '100 m²', '80 m² de terrain', '5 pièces', '4 chambres', 'Jardin', '2 étages', 'Réf. de l’annonce : 2861', 'Publiée le 8 nov. 2019', 'Modifiée le 9 nov. 2019', 'Barèmes de l’agence', 'Signaler une anomalie sur cette annonce']"
39,Publiée il y a plus de 1 mois | Modifiée le 19 déc. 2019 | Réf. de l’annonce : 120037E1G76S,Marcq-en-Barœul 59700 (Pont - Montplaisir),148,C,22,D,2 182 €/m²,"['Prix\u202f: 192 000 €, honoraires à la charge du vendeur', 'Estimez votre mensualité', '88 m²', '21 m² de terrain', '5 pièces', '3 chambres', 'Jardin', 'Chauffage : individuel', '1 salle de bain', '1 place de parking', 'Réf. de l’annonce : 120037E1G76S', 'Publiée il y a plus de 1 mois', 'Modifiée le 19 déc. 2019', 'Signaler une anomalie sur cette annonce', 'Barèmes de l’agence']"
40,Publiée il y a plus de 1 mois | Modifiée le 10 déc. 2019 | Réf. de l’annonce : 838,La Madeleine 59110 (Grand Boulevard),300,E,45,E,4 186 €/m²,"['Prix\u202f: 375 000 €, honoraires : 4,17% TTC inclus à la charge de l’acquéreur (360 000 € hors honoraires)', 'Estimez votre mensualité', '86 m²', '4 pièces', '3 chambres', 'Chauffage : Individuel Radiateur Gaz', '1 cave', '1 cheminée', '1 salle de bain', '1 WC', 'Alarme', 'Rez-de-chaussée', 'Construit en 1920', 'Interphone', 'Réf. de l’annonce : 838', 'Publiée il y a plus de 1 mois', 'Modifiée le 10 déc. 2019', 'Barèmes de l’agence', 'Signaler une anomalie sur cette annonce']"
41,Publiée il y a plus de 1 mois | Modifiée le 21 nov. 2019 | Réf. de l’annonce : 1339674,La Madeleine 59110 (Grand Boulevard),Non soumis,NA,En cours de réalisation,NA,3 597 €/m²,"['Prix\u202f: 111 500 €, honoraires à la charge du vendeur', 'Estimez votre mensualité', '31 m²', '1 pièce', 'Mandat en exclusivité', 'Réf. de l’annonce : 1339674', 'Publiée il y a plus de 1 mois', 'Modifiée le 21 nov. 2019', 'Barèmes de l’agence', 'Signaler une anomalie sur cette annonce']"
42,Publiée le 12 déc. 2019 | Modifiée le 17 déc. 2019 | Réf. de l’annonce : 73170,Marcq-en-Barœul 59700,257,E,60,F,5 633 €/m²,"['Prix\u202f: 875 000 €, honoraires : 3,55% TTC inclus à la charge de l’acquéreur (845 000 € hors honoraires)', 'Estimez votre mensualité', '150 m²', '1 059 m² de terrain', '7 pièces', '3 chambres', 'Jardin', 'Exposé Sud', 'Chauffage : radiateur gaz', 'Cave', 'Cheminée', '1 salle de bain', '2 étages', 'Réf. de l’annonce : 73170', 'Publiée le 12 déc. 2019', 'Modifiée le 17 déc. 2019', 'Barèmes de l’agence', 'Signaler une anomalie sur cette annonce']"
43,Publiée le 9 déc. 2019 | Réf. de l’annonce : 1357233,La Madeleine 59110 (Pompidou - Nouvelle Madeleine),248,E,11,C,2 935 €/m²,"['Prix\u202f: 135 000 €, honoraires à la charge du vendeur', 'Estimez votre mensualité', '46 m²', '2 pièces', '1 chambre', 'Balcon', 'Chauffage : électricité individuel', '1 salle de bain', '1 WC', '6e étage', 'Ascenseur', 'Digicode', 'Mandat en exclusivité', 'Réf. de l’annonce : 1357233', 'Publiée le 9 déc. 2019', 'Barèmes de l’agence', 'Signaler une anomalie sur cette annonce']"
44,Publiée le 3 déc. 2019 | Modifiée le 4 déc. 2019 | Réf. de l’annonce : la_madeleine_lot1_NEUF_DI_,La Madeleine 59110 (Berckem - Kleber - Saint-Charles),Non soumis,NA,En cours de réalisation,NA,2 996 €/m²,"['209 740 €', 'Estimez votre mensualité', '70 m²', '3 pièces', '2 chambres', 'Exposé Sud', '1 place de parking', 'Réf. de l’annonce : la_madeleine_lot1_NEUF_DI_', 'Publiée le 3 déc. 2019', 'Modifiée le 4 déc. 2019', 'Signaler une anomalie sur cette annonce']"
45,Publiée le 3 déc. 2019 | Modifiée le 4 déc. 2019 | Réf. de l’annonce : la_madeleine_lot6_NEUF_DI_,La Madeleine 59110 (Berckem - Kleber - Saint-Charles),Non soumis,NA,En cours de réalisation,NA,3 036 €/m²,"['212 500 €', 'Estimez votre mensualité', '70 m²', '3 pièces', '2 chambres', 'Exposé Sud', '1 place de parking', 'Réf. de l’annonce : la_madeleine_lot6_NEUF_DI_', 'Publiée le 3 déc. 2019', 'Modifiée le 4 déc. 2019', 'Signaler une anomalie sur cette annonce']"
46,Publiée le 28 nov. 2019 | Modifiée le 10 déc. 2019 | Réf. de l’annonce : 750,La Madeleine 59110 (Berckem - Kleber - Saint-Charles),En cours de réalisation,NA,En cours de réalisation,NA,4 897 €/m²,"['Prix\u202f: 495 000 €, honoraires : 4,21% TTC inclus à la charge de l’acquéreur (475 000 € hors honoraires)', 'Estimez votre mensualité', '97 m²', '580 m² de terrain', '3 pièces', '2 chambres', 'Jardin', 'Chauffage : Individuel Fioul', '1 salle de bain', '1 WC', '3 places de parking', 'Réf. de l’annonce : 750', 'Publiée le 28 nov. 2019', 'Modifiée le 10 déc. 2019', 'Barèmes de l’agence', 'Signaler une anomalie sur cette annonce']"
47,Publiée le 21 nov. 2019 | Modifiée le 10 déc. 2019 | Réf. de l’annonce : V150004536,Marcq-en-Barœul 59700,238,E,62,F,3 352 €/m²,"['Prix\u202f: 575 000 €, honoraires : 4,55% TTC inclus à la charge de l’acquéreur (550 000 € hors honoraires)', 'Estimez votre mensualité', '164,10 m²', '6 pièces', '3 chambres', 'Exposé Est Ouest', 'Chauffage : radiateur fuel collectif', 'Cave', '2 salles de bain', '1 box', '3e étage (sur 4)', 'Construit en 1927', 'Ascenseur', 'Réf. de l’annonce : V150004536', 'Publiée le 21 nov. 2019', 'Modifiée le 10 déc. 2019', 'Barèmes de l’agence', 'Signaler une anomalie sur cette annonce']"
48,Publiée le 12 nov. 2019 | Modifiée le 21 nov. 2019 | Réf. de l’annonce : 120037E1HH98,La Madeleine 59110 (Centre-ville),22,A,8,B,2 417 €/m²,"['Prix\u202f: 179 000 €, honoraires à la charge du vendeur', 'Estimez votre mensualité', '74,07 m²', '4 pièces', '3 chambres', 'Chauffage : collectif', '1 salle de bain', '1 place de parking', '2e étage (sur 4)', 'Ascenseur', 'Réf. de l’annonce : 120037E1HH98', 'Publiée le 12 nov. 2019', 'Modifiée le 21 nov. 2019', 'Signaler une anomalie sur cette annonce', 'Barèmes de l’agence']"
49,Publiée le 7 nov. 2019 | Modifiée le 5 déc. 2019 | Réf. de l’annonce : VA23590-IMMOTRAM2,La Madeleine 59110,Non soumis,NA,En cours de réalisation,NA,3 692 €/m²,"['Prix\u202f: 414 500 €, honoraires : 4,94% TTC inclus à la charge de l’acquéreur (395 000 € hors honoraires)', 'Estimez votre mensualité', '107 m²', '3 pièces', '2 chambres', 'Balcon', 'Chauffage : gaz collectif', 'Cave', '1 salle de bain', '1 WC', 'Disponible le 20 février 2020', '1er étage (sur 4)', 'Mandat en exclusivité', 'Réf. de l’annonce : VA23590-IMMOTRAM2', 'Publiée le 7 nov. 2019', 'Modifiée le 5 déc. 2019', 'Barèmes de l’agence', 'Signaler une anomalie sur cette annonce']"
50,Publiée il y a plus de 1 mois | Réf. de l’annonce : 120037E1C4I4,Marcq-en-Barœul 59700 (Croisé Laroche - Rouges Barres),180,D,22,D,2 297 €/m²,"['Prix\u202f: 170 000 €, honoraires à la charge du vendeur', 'Estimez votre mensualité', '74 m²', '3 pièces', '2 chambres', 'Chauffage : collectif', '1 salle de bain', '5e étage (sur 6)', 'Ascenseur', 'Réf. de l’annonce : 120037E1C4I4', 'Publiée il y a plus de 1 mois', 'Signaler une anomalie sur cette annonce', 'Barèmes de l’agence']"
51,Publiée il y a plus de 1 mois | Modifiée le 29 nov. 2019 | Réf. de l’annonce : 2749,Marcq-en-Barœul 59700 (Croisé Laroche - Rouges Barres),Non soumis,NA,Non soumis,NA,6 373 €/m²,"['Prix\u202f: 395 750 €, honoraires à la charge du vendeur', 'Estimez votre mensualité', '62,10 m²', '3 pièces', '2 chambres', 'Exposé Sud', 'Chauffage : électrique individuel', '1 salle de bain', '1 WC', 'Calme', '5 étages', 'Réf. de l’annonce : 2749', 'Publiée il y a plus de 1 mois', 'Modifiée le 29 nov. 2019', 'Barèmes de l’agence', 'Signaler une anomalie sur cette annonce']"
52,Publiée il y a plus de 1 mois | Modifiée le 5 nov. 2019 | Réf. de l’annonce : APP-VTE-125-212,La Madeleine 59110 (Grand Boulevard),194,D,28,D,3 510 €/m²,"['Prix\u202f: 269 000 €, honoraires : 5,00% TTC inclus à la charge de l’acquéreur (256 200 € hors honoraires)', 'Estimez votre mensualité', '73 m²', '3 pièces', '2 chambres', 'Chauffage : gaz collectif', 'Cave', '1 salle de bain', 'Dernier étage (sur 3)', 'Construit en 1900', 'Ascenseur', 'Réf. de l’annonce : APP-VTE-125-212', 'Publiée il y a plus de 1 mois', 'Modifiée le 5 nov. 2019', 'Barèmes de l’agence', 'Signaler une anomalie sur cette annonce']"
53,Publiée il y a plus de 1 mois | Modifiée le 22 nov. 2019 | Réf. de l’annonce : APP-VTE-131-212,Marcq-en-Barœul 59700 (Plouich - Clémenceau - Calmette),Vierge,NA,Vierge,NA,4 507 €/m²,"['Prix\u202f: 360 000 €, honoraires à la charge du vendeur', 'Estimez votre mensualité', '79,87 m²', '4 pièces', '2 chambres', 'Chauffage : radiateur gaz individuel', '1 salle de bain', '2 places de parking', '4 étages', 'Construit en 2018', 'Ascenseur', 'Réf. de l’annonce : APP-VTE-131-212', 'Publiée il y a plus de 1 mois', 'Modifiée le 22 nov. 2019', 'Barèmes de l’agence', 'Signaler une anomalie sur cette annonce']"
54,Publiée le 12 déc. 2019 | Réf. de l’annonce : SOF1970,La Madeleine 59110 (Grand Boulevard),En cours de réalisation,NA,En cours de réalisation,NA,4 323 €/m²,"['Prix\u202f: 549 000 €, honoraires : 6,72% TTC inclus à la charge de l’acquéreur (514 413 € hors honoraires)', 'Estimez votre mensualité', '119 m²', '4 pièces', '3 chambres', '11 terrasses', '1 balcon', '1 salle de bain', '1 salle d’eau', '3e étage', 'Ascenseur', 'Réf. de l’annonce : SOF1970', 'Publiée le 12 déc. 2019', 'Signaler une anomalie sur cette annonce']"
55,Publiée le 10 déc. 2019 | Réf. de l’annonce : 120037E1I7TR,La Madeleine 59110 (Centre-ville),118,C,22,D,2 017 €/m²,"['Prix\u202f: 222 500 €, honoraires à la charge du vendeur', 'Estimez votre mensualité', '110,30 m²', '5 pièces', '4 chambres', 'Chauffage : individuel', '2 salles de bain', '1 place de parking', 'Réf. de l’annonce : 120037E1I7TR', 'Publiée le 10 déc. 2019', 'Signaler une anomalie sur cette annonce', 'Barèmes de l’agence']"
56,Publiée le 5 déc. 2019 | Réf. de l’annonce : 42667,La Madeleine 59110,,A,En cours de réalisation,NA,4 575 €/m²,"['549 000 €', 'Estimez votre mensualité', '120 m²', '4 pièces', '3 chambres', '2 salles de bain', '1 WC', 'Réf. de l’annonce : 42667', 'Publiée le 5 déc. 2019', 'Signaler une anomalie sur cette annonce']"
57,Publiée le 21 nov. 2019 | Modifiée le 16 déc. 2019 | Réf. de l’annonce : 59-MDN-236247,Marcq-en-Barœul 59700 (Mairie),NA,NA,NA,NA,2 999 €/m²,"['416 900 €', 'Estimez votre mensualité', '139 m²', '7 pièces', '5 chambres', '1 salle de bain', 'Réf. de l’annonce : 59-MDN-236247', 'Publiée le 21 nov. 2019', 'Modifiée le 16 déc. 2019', 'Signaler une anomalie sur cette annonce']"
58,Publiée le 13 nov. 2019 | Modifiée le 29 nov. 2019 | Réf. de l’annonce : 2864,Marcq-en-Barœul 59700 (Buisson - May-Four - Pellevoisin),256,E,58,F,3 623 €/m²,"['Prix\u202f: 257 250 €, honoraires à la charge du vendeur', 'Estimez votre mensualité', '71 m²', '3 pièces', '2 chambres', 'Réf. de l’annonce : 2864', 'Publiée le 13 nov. 2019', 'Modifiée le 29 nov. 2019', 'Barèmes de l’agence', 'Signaler une anomalie sur cette annonce']"
59,Publiée le 13 nov. 2019 | Réf. de l’annonce : 41457,La Madeleine 59110,,A,En cours de réalisation,NA,4 575 €/m²,"['549 000 €', 'Estimez votre mensualité', '120 m²', '4 pièces', '3 chambres', '2 salles de bain', '1 WC', 'Réf. de l’annonce : 41457', 'Publiée le 13 nov. 2019', 'Signaler une anomalie sur cette annonce']"
60,Publiée le 9 nov. 2019 | Modifiée le 19 nov. 2019 | Réf. de l’annonce : VA23604-IMMOTRAM2,Marcq-en-Barœul 59700,Non soumis,NA,En cours de réalisation,NA,2 681 €/m²,"['Prix\u202f: 195 000 €, honoraires : 5,41% TTC inclus à la charge de l’acquéreur (185 000 € hors honoraires)', 'Estimez votre mensualité', '69 m²', '3 pièces', '2 chambres', 'Balcon', 'Exposé Ouest', 'Chauffage : fuel collectif', 'Cave', 'Duplex', '1 salle de bain', '1 WC', '3e étage (sur 4)', 'Mandat en exclusivité', 'Réf. de l’annonce : VA23604-IMMOTRAM2', 'Publiée le 9 nov. 2019', 'Modifiée le 19 nov. 2019', 'Barèmes de l’agence', 'Signaler une anomalie sur cette annonce']"
61,Publiée le 9 nov. 2019 | Modifiée le 19 nov. 2019 | Réf. de l’annonce : VEMAD,La Madeleine 59110 (Berckem - Kleber - Saint-Charles),,D,,D,NA,"['Prix\u202f: 204 000 €, honoraires : 4,60% TTC inclus à la charge de l’acquéreur (195 000 € hors honoraires)', 'Estimez votre mensualité', '2 pièces', '1 chambre', 'Balcon', 'Chauffage : gaz', '1 salle de bain', '1 WC', 'Ascenseur', 'Réf. de l’annonce : VEMAD', 'Publiée le 9 nov. 2019', 'Modifiée le 19 nov. 2019', 'Barèmes de l’agence', 'Signaler une anomalie sur cette annonce']"
62,Publiée le 8 nov. 2019 | Réf. de l’annonce : V150004205,Marcq-en-Barœul 59700 (Plouich - Clémenceau - Calmette),185,D,8,B,3 952 €/m²,"['Prix\u202f: 470 000 €, honoraires : 4,44% TTC inclus à la charge de l’acquéreur (450 000 € hors honoraires)', 'Estimez votre mensualité', '113,88 m²', '3 pièces', '2 chambres', 'Terrasse', 'Exposé Sud', 'Chauffage : radiateur électrique individuel', '2 salles de bain', '2 WC', '1 place de parking', '1 box', '2e étage (sur 5)', 'Construit en 1993', 'Ascenseur', 'Réf. de l’annonce : V150004205', 'Publiée le 8 nov. 2019', 'Barèmes de l’agence', 'Signaler une anomalie sur cette annonce']"
63,Publiée le 24 oct. 2019 | Modifiée le 5 déc. 2019 | Réf. de l’annonce : VA23576-IMMOTRAM2,La Madeleine 59110,Non soumis,NA,En cours de réalisation,NA,3 896 €/m²,"['Prix\u202f: 315 000 €, honoraires : 5,00% TTC inclus à la charge de l’acquéreur (300 000 € hors honoraires)', 'Estimez votre mensualité', '77 m²', '4 pièces', '3 chambres', 'Balcon', 'Exposé Sud', 'Chauffage : gaz individuel', 'Cave', '1 salle de bain', '1 salle d’eau', 'Dernier étage (sur 4)', 'Mandat en exclusivité', 'Réf. de l’annonce : VA23576-IMMOTRAM2', 'Publiée le 24 oct. 2019', 'Modifiée le 5 déc. 2019', 'Barèmes de l’agence', 'Signaler une anomalie sur cette annonce']"
64,Publiée il y a plus de 1 mois | Modifiée le 12 déc. 2019 | Réf. de l’annonce : 902,La Madeleine 59110 (Berckem - Kleber - Saint-Charles),151,D,25,D,3 324 €/m²,"['Prix\u202f: 205 000 €, honoraires : 5,13% TTC inclus à la charge de l’acquéreur (195 000 € hors honoraires)', 'Estimez votre mensualité', '58,66 m²', '2 pièces', '1 chambre', '1 balcon', 'Chauffage : Collectif Radiateur Gaz', '1 salle de bain', '1 WC', 'Câble TV', '1 place de parking', '3e étage (sur 4)', 'Construit en 2017', 'Ascenseur', 'Interphone', 'Réf. de l’annonce : 902', 'Publiée il y a plus de 1 mois', 'Modifiée le 12 déc. 2019', 'Barèmes de l’agence', 'Signaler une anomalie sur cette annonce']"
65,Publiée il y a plus de 1 mois | Modifiée le 5 nov. 2019 | Réf. de l’annonce : VA23462-IMMOTRAM2,La Madeleine 59110,Non soumis,NA,En cours de réalisation,NA,3 417 €/m²,"['Prix\u202f: 425 000 €, honoraires : 3,66% TTC inclus à la charge de l’acquéreur (410 000 € hors honoraires)', 'Estimez votre mensualité', '120 m²', '3 pièces', '2 chambres', 'Terrasse', 'Exposé Sud', 'Chauffage : gaz individuel', 'Cave', '1 salle de bain', '1 WC', '1er étage (sur 5)', 'Mandat en exclusivité', 'Réf. de l’annonce : VA23462-IMMOTRAM2', 'Publiée il y a plus de 1 mois', 'Modifiée le 5 nov. 2019', 'Barèmes de l’agence', 'Signaler une anomalie sur cette annonce']"
66,Publiée il y a plus de 1 mois | Modifiée le 12 déc. 2019 | Réf. de l’annonce : 1346798,La Madeleine 59110 (Pompidou - Nouvelle Madeleine),267,E,13,C,2 915 €/m²,"['Prix\u202f: 137 000 €, honoraires à la charge du vendeur', 'Estimez votre mensualité', '47 m²', '2 pièces', '1 chambre', 'Chauffage : électricité individuel', '1 salle de bain', '1 WC', 'Dernier étage (sur 8)', 'Ascenseur', 'Digicode', 'Réf. de l’annonce : 1346798', 'Publiée il y a plus de 1 mois', 'Modifiée le 12 déc. 2019', 'Barèmes de l’agence', 'Signaler une anomalie sur cette annonce']"
67,Publiée il y a plus de 1 mois | Modifiée le 5 déc. 2019 | Réf. de l’annonce : VM23670-IMMOTRAM2,Marcq-en-Barœul 59700,Non soumis,NA,En cours de réalisation,NA,4 533 €/m²,"['Prix\u202f: 700 000 €, honoraires : 2,94% TTC inclus à la charge de l’acquéreur (680 000 € hors honoraires)', 'Estimez votre mensualité', '150 m²', '1 037 m² de terrain', '5 pièces', '4 chambres', 'Jardin', '1 garage', 'Exposé Ouest', 'Chauffage : gaz', '2 salles de bain', '3 places de parking', '3 étages', 'Réf. de l’annonce : VM23670-IMMOTRAM2', 'Publiée il y a plus de 1 mois', 'Modifiée le 5 déc. 2019', 'Barèmes de l’agence', 'Signaler une anomalie sur cette annonce']"
68,Publiée il y a plus de 1 mois | Modifiée le 4 déc. 2019 | Réf. de l’annonce : V150004449,Marcq-en-Barœul 59700 (Plouich - Clémenceau - Calmette),237,E,11,C,3 800 €/m²,"['Prix\u202f: 395 000 €, honoraires : 3,95% TTC inclus à la charge de l’acquéreur (380 000 € hors honoraires)', 'Estimez votre mensualité', '100 m²', '117 m² de terrain', '4 pièces', '3 chambres', 'Terrasse', 'Jardin', 'Exposé Sud Est Ouest', 'Chauffage : radiateur électrique individuel', '2 WC', '1 place de parking', '1 box', '3 étages', 'Construit en 1983', 'Réf. de l’annonce : V150004449', 'Publiée il y a plus de 1 mois', 'Modifiée le 4 déc. 2019', 'Barèmes de l’agence', 'Signaler une anomalie sur cette annonce']"
69,Publiée il y a plus de 1 mois | Modifiée le 14 nov. 2019 | Réf. de l’annonce : MAI-VTE-135-212,Marcq-en-Barœul 59700 (Croisé Laroche - Rouges Barres),240,E,11,C,4 091 €/m²,"['Prix\u202f: 470 000 €, honoraires : 4,44% TTC inclus à la charge de l’acquéreur (450 000 € hors honoraires)', 'Estimez votre mensualité', '110 m²', '463 m² de terrain', '5 pièces', '3 chambres', 'Terrasse', 'Jardin', 'Piscine', 'Exposé Sud Est Ouest', 'Chauffage : radiateur électrique individuel', '2 salles de bain', '2 WC', '2 étages', 'Réf. de l’annonce : MAI-VTE-135-212', 'Publiée il y a plus de 1 mois', 'Modifiée le 14 nov. 2019', 'Barèmes de l’agence', 'Signaler une anomalie sur cette annonce']"
70,Publiée il y a plus de 1 mois | Modifiée le 31 oct. 2019 | Réf. de l’annonce : 1033,La Madeleine 59110,161,D,37,E,2 993 €/m²,"['Prix\u202f: 428 000 €, honoraires à la charge du vendeur', 'Estimez votre mensualité', '143 m²', '4 pièces', '3 chambres', 'Balcon', 'Exposé Sud Ouest', 'Chauffage : gaz', 'Cave', '1 place de parking', 'Ascenseur', 'Gardien', 'Réf. de l’annonce : 1033', 'Publiée il y a plus de 1 mois', 'Modifiée le 31 oct. 2019', 'Signaler une anomalie sur cette annonce', 'Barèmes de l’agence']"
71,Publiée il y a plus de 1 mois | Modifiée le 28 nov. 2019 | Réf. de l’annonce : 120003E1E58F,Marcq-en-Barœul 59700 (Briqueterie),En cours de réalisation,NA,En cours de réalisation,NA,1 914 €/m²,"['Prix\u202f: 149 500 €, honoraires : 2,93% TTC inclus à la charge de l’acquéreur (145 250 € hors honoraires)', 'Estimez votre mensualité', '75,87 m²', '4 pièces', '3 chambres', 'Chauffage : individuel', '1 salle de bain', '1 place de parking', '1er étage (sur 3)', 'Réf. de l’annonce : 120003E1E58F', 'Publiée il y a plus de 1 mois', 'Modifiée le 28 nov. 2019', 'Signaler une anomalie sur cette annonce', 'Barèmes de l’agence']"
72,Publiée il y a plus de 1 mois | Modifiée le 6 nov. 2019 | Réf. de l’annonce : SOF1746,La Madeleine 59110 (Grand Boulevard),166,D,En cours de réalisation,NA,4 329 €/m²,"['Prix\u202f: 479 000 €, honoraires : 6,38% TTC inclus à la charge de l’acquéreur (450 260 € hors honoraires)', 'Estimez votre mensualité', '104 m²', '4 pièces', '3 chambres', '1 terrasse', '1 salle de bain', '1er étage', 'Ascenseur', 'Réf. de l’annonce : SOF1746', 'Publiée il y a plus de 1 mois', 'Modifiée le 6 nov. 2019', 'Signaler une anomalie sur cette annonce']"
73,Publiée le 5 déc. 2019 | Modifiée le 6 déc. 2019 | Réf. de l’annonce : VA23606-IMMOTRAM2,La Madeleine 59110,76,B,18,C,2 696 €/m²,"['Prix\u202f: 288 000 €, honoraires : 4,73% TTC inclus à la charge de l’acquéreur (275 000 € hors honoraires)', 'Estimez votre mensualité', '102 m²', '4 pièces', '3 chambres', 'Balcon', 'Exposé Nord', 'Chauffage : gaz collectif', '1 salle de bain', '1 WC', '1 place de parking', '9e étage (sur 18)', 'Ascenseur', 'Mandat en exclusivité', 'Réf. de l’annonce : VA23606-IMMOTRAM2', 'Publiée le 5 déc. 2019', 'Modifiée le 6 déc. 2019', 'Barèmes de l’agence', 'Signaler une anomalie sur cette annonce']"
74,Publiée le 31 oct. 2019 | Modifiée le 5 déc. 2019 | Réf. de l’annonce : VA23572-IMMOTRAM2,Marcq-en-Barœul 59700,Non soumis,NA,En cours de réalisation,NA,2 846 €/m²,"['Prix\u202f: 367 500 €, honoraires : 5,00% TTC inclus à la charge de l’acquéreur (350 000 € hors honoraires)', 'Estimez votre mensualité', '123 m²', '5 pièces', '3 chambres', 'Exposé Sud', 'Chauffage : gaz individuel', 'Cave', '1 salle de bain', '1 WC', '2e étage (sur 6)', 'Ascenseur', 'Mandat en exclusivité', 'Réf. de l’annonce : VA23572-IMMOTRAM2', 'Publiée le 31 oct. 2019', 'Modifiée le 5 déc. 2019', 'Barèmes de l’agence', 'Signaler une anomalie sur cette annonce']"
75,Publiée il y a plus de 1 mois | Réf. de l’annonce : 1038,La Madeleine 59110,163,D,8,B,4 103 €/m²,"['Prix\u202f: 480 000 €, honoraires à la charge du vendeur', 'Estimez votre mensualité', '117 m²', '4 pièces', 'Terrasse', 'Exposé Sud Ouest', 'Chauffage : électricité', '1 place de parking', '2e étage (sur 4)', 'Ascenseur', 'Interphone', 'Gardien', 'Mandat en exclusivité', 'Réf. de l’annonce : 1038', 'Publiée il y a plus de 1 mois', 'Signaler une anomalie sur cette annonce', 'Barèmes de l’agence']"
76,Publiée il y a plus de 1 mois | Réf. de l’annonce : 1032,Marcq-en-Barœul 59700,En cours de réalisation,NA,En cours de réalisation,NA,5 153 €/m²,"['Prix\u202f: 675 000 €, honoraires à la charge du vendeur', 'Estimez votre mensualité', '131 m²', '394 m² de terrain', '4 pièces', '4 chambres', 'Terrasse', 'Jardin', '2 garages', 'Exposé Sud Ouest', '1 salle de bain', '3 places de parking', '1 étage', 'Mandat en exclusivité', 'Réf. de l’annonce : 1032', 'Publiée il y a plus de 1 mois', 'Signaler une anomalie sur cette annonce', 'Barèmes de l’agence']"
77,Publiée il y a plus de 1 mois | Modifiée le 13 déc. 2019 | Réf. de l’annonce : 19997DHI832,La Madeleine 59110,182,D,,B,3 311 €/m²,"['Prix\u202f: 310 000 €, honoraires : 12 000 € TTC inclus à la charge de l’acquéreur', 'Estimez votre mensualité', '90 m²', '5 pièces', '3 chambres', 'Balcon', 'Exposé Est', '2 salles de bain', '1 salle d’eau', '1 WC', '2 places de parking', '1er étage (sur 5)', 'Ascenseur', 'Interphone', 'Réf. de l’annonce : 19997DHI832', 'Publiée il y a plus de 1 mois', 'Modifiée le 13 déc. 2019', 'Signaler une anomalie sur cette annonce', 'Barèmes de l’agence']"
78,Publiée le 29 nov. 2019 | Réf. de l’annonce : 9958_JG,La Madeleine 59110 (Pompidou - Nouvelle Madeleine),,C,,C,3 847 €/m²,"['Prix\u202f: 76 941 €, honoraires à la charge du vendeur', 'Estimez votre mensualité', '20 m²', '1 pièce', 'Réf. de l’annonce : 9958_JG', 'Publiée le 29 nov. 2019', 'Barèmes de l’agence', 'Signaler une anomalie sur cette annonce']"
79,Publiée le 16 nov. 2019 | Modifiée le 22 nov. 2019 | Réf. de l’annonce : 28234735,La Madeleine 59110,181,D,42,E,2 681 €/m²,"['Prix\u202f: 177 000 €, honoraires à la charge du vendeur', 'Estimez votre mensualité', '66,01 m²', '3 pièces', '2 chambres', '1 balcon', 'Chauffage : RADIATEUR GAZ COLLECTIF', '1 salle de bain', '1 WC', '1 parking extérieur', '13e étage (sur 15)', 'Construit en 1968', 'Ascenseur', 'Interphone', 'Gardien', 'Réf. de l’annonce : 28234735', 'Publiée le 16 nov. 2019', 'Modifiée le 22 nov. 2019', 'Signaler une anomalie sur cette annonce']"
80,Publiée le 30 oct. 2019 | Modifiée le 4 nov. 2019 | Réf. de l’annonce : VA23568-IMMOTRAM2,Marcq-en-Barœul 59700,Non soumis,NA,En cours de réalisation,NA,3 265 €/m²,"['Prix\u202f: 169 000 €, honoraires : 5,63% TTC inclus à la charge de l’acquéreur (160 000 € hors honoraires)', 'Estimez votre mensualité', '49 m²', '2 pièces', '1 chambre', 'Exposé Est', 'Chauffage : gaz collectif', 'Cave', '1 salle de bain', '1 WC', 'Dernier étage (sur 7)', 'Ascenseur', 'Réf. de l’annonce : VA23568-IMMOTRAM2', 'Publiée le 30 oct. 2019', 'Modifiée le 4 nov. 2019', 'Barèmes de l’agence', 'Signaler une anomalie sur cette annonce']"
81,Publiée il y a plus de 1 mois | Modifiée le 18 déc. 2019 | Réf. de l’annonce : -1160,La Madeleine 59110,338,F,20,C,2 013 €/m²,"['Prix\u202f: 241 500 €, honoraires à la charge du vendeur', 'Estimez votre mensualité', '120 m²', '5 pièces', '4 chambres', '2 salles d’eau', '3 WC', 'Réf. de l’annonce : -1160', 'Publiée il y a plus de 1 mois', 'Modifiée le 18 déc. 2019', 'Signaler une anomalie sur cette annonce']"
82,Publiée le 18 déc. 2019 | Réf. de l’annonce : 43353,La Madeleine 59110,,A,En cours de réalisation,NA,4 110 €/m²,"['168 500 €', 'Estimez votre mensualité', '41 m²', '2 pièces', '1 chambre', '1 salle de bain', 'Réf. de l’annonce : 43353', 'Publiée le 18 déc. 2019', 'Signaler une anomalie sur cette annonce']"
83,Publiée il y a plus de 1 mois | Réf. de l’annonce : 7422,Marcq-en-Barœul 59700,297,E,16,C,4 292 €/m²,"['Prix\u202f: 539 000 €, honoraires : 4,45% TTC inclus à la charge de l’acquéreur (515 000 € hors honoraires)', 'Estimez votre mensualité', '120 m²', '4 pièces', '3 chambres', 'Terrasse', 'Jardin', '1 garage', 'Exposé Sud Ouest', 'Chauffage : électricité', 'Cheminée', '1 salle de bain', '2 WC', '1 place de parking', 'Réf. de l’annonce : 7422', 'Publiée il y a plus de 1 mois', 'Barèmes de l’agence', 'Signaler une anomalie sur cette annonce']"
84,Publiée il y a plus de 1 mois | Réf. de l’annonce : SOF2003D,La Madeleine 59110 (Grand Boulevard),En cours de réalisation,NA,En cours de réalisation,NA,4 587 €/m²,"['Prix\u202f: 306 340 €, honoraires : 6,00% TTC inclus à la charge de l’acquéreur (289 000 € hors honoraires)', 'Estimez votre mensualité', '63 m²', '3 pièces', '2 chambres', '1er étage', 'Ascenseur', 'Réf. de l’annonce : SOF2003D', 'Publiée il y a plus de 1 mois', 'Signaler une anomalie sur cette annonce']"
85,Publiée il y a plus de 1 mois | Modifiée le 25 nov. 2019 | Réf. de l’annonce : 7043205,Marcq-en-Barœul 59700 (Buisson - May-Four - Pellevoisin),230,D,11,C,3 764 €/m²,"['Prix\u202f: 199 500 €, honoraires à la charge du vendeur', 'Estimez votre mensualité', '53 m²', '2 pièces', '1 chambre', 'Balcon', 'Chauffage : électricité individuel', '1 salle de bain', '1 WC', '1 place de parking', '2e étage (sur 3)', 'Ascenseur', 'Digicode', 'Interphone', 'Mandat en exclusivité', 'Réf. de l’annonce : 7043205', 'Publiée il y a plus de 1 mois', 'Modifiée le 25 nov. 2019', 'Barèmes de l’agence', 'Signaler une anomalie sur cette annonce']"
86,Publiée il y a plus de 1 mois | Réf. de l’annonce : 4050,La Madeleine 59110,En cours de réalisation,NA,En cours de réalisation,NA,4 725 €/m²,"['Prix\u202f: 496 100 €, honoraires à la charge du vendeur', 'Estimez votre mensualité', '105 m²', '4 pièces', '3 chambres', 'Balcon', '1 salle de bain', '1er étage', 'Ascenseur', 'Interphone', 'Réf. de l’annonce : 4050', 'Publiée il y a plus de 1 mois', 'Signaler une anomalie sur cette annonce']"
87,Publiée il y a plus de 1 mois | Réf. de l’annonce : 1037,La Madeleine 59110,En cours de réalisation,NA,En cours de réalisation,NA,3 621 €/m²,"['Prix\u202f: 449 000 €, honoraires à la charge du vendeur', 'Estimez votre mensualité', '124 m²', '4 pièces', '3 chambres', 'Balcon', 'Exposé Sud', 'Chauffage : gaz', 'Cave', '1 salle de bain', '1 salle d’eau', '4e étage (sur 5)', 'Ascenseur', 'Réf. de l’annonce : 1037', 'Publiée il y a plus de 1 mois', 'Signaler une anomalie sur cette annonce', 'Barèmes de l’agence']"
